,PC1,PC2
tasks,0.32924024777331906,0.6446271581880405
edges,-0.334688146590817,0.631229400167512
width_peak,0.4158371214743804,0.07481768692341077
depth_avg,-0.39106160854954614,0.3651550551337518
Pbar,0.39747733702699933,0.02929282302942838
burstiness,0.3530965292469665,0.20507815243370697
cp_frac,-0.41360563110767945,-0.06445349205135571
