{
  "selected_eval_seeds": [
    200038,
    200054,
    200077,
    200001,
    200050,
    200087,
    200040,
    200031,
    200029,
    200034
  ],
  "coverage": {
    "radius": 3.1281283886100546,
    "avg_min_dist": 1.7498058769811409,
    "cluster_sizes": [
      52,
      5,
      6,
      6,
      2,
      8,
      5,
      6,
      6,
      4
    ]
  },
  "train_seeds": [
    200001,
    200002,
    200003,
    200004,
    200005,
    200006,
    200007,
    200008,
    200009,
    200010,
    200011,
    200012,
    200013,
    200014,
    200015,
    200016,
    200017,
    200018,
    200019,
    200020,
    200021,
    200022,
    200023,
    200024,
    200025,
    200026,
    200027,
    200028,
    200029,
    200030,
    200031,
    200032,
    200033,
    200034,
    200035,
    200036,
    200037,
    200038,
    200039,
    200040,
    200041,
    200042,
    200043,
    200044,
    200045,
    200046,
    200047,
    200048,
    200049,
    200050,
    200051,
    200052,
    200053,
    200054,
    200055,
    200056,
    200057,
    200058,
    200059,
    200060,
    200061,
    200062,
    200063,
    200064,
    200065,
    200066,
    200067,
    200068,
    200069,
    200070,
    200071,
    200072,
    200073,
    200074,
    200075,
    200076,
    200077,
    200078,
    200079,
    200080,
    200081,
    200082,
    200083,
    200084,
    200085,
    200086,
    200087,
    200088,
    200089,
    200090,
    200091,
    200092,
    200093,
    200094,
    200095,
    200096,
    200097,
    200098,
    200099,
    200100
  ],
  "feature_means": [
    27.29,
    28.47,
    18.18,
    4.1,
    6.251575181346868,
    2.707085363423297,
    0.165883820603941
  ],
  "feature_stds": [
    1.8936472744415738,
    2.82649960198122,
    2.178898804442281,
    0.7937253933193773,
    1.200210436849662,
    0.46396189109483643,
    0.031845965339854225
  ],
  "feature_names": [
    "tasks",
    "edges",
    "width_peak",
    "depth_avg",
    "Pbar",
    "burstiness",
    "cp_frac"
  ]
}