agent_train_domain,eval_domain,seeds,mean_makespan,mean_energy_total,mean_energy_active,mean_energy_idle,mean_entropy
long_cp,long_cp,100.0,1.2411309027777777,222.31400276314346,8.52440124136331,1414.8892291666668,0.44392660699415104
long_cp,wide,100.0,0.371103191137566,463.3764707809807,13.342030269483441,423.0576378968255,1.3709568580026958
wide,long_cp,100.0,1.2411309027777777,83.43697925575282,5.537612178694083,1414.8892291666668,0.08612502372447589
wide,wide,100.0,0.371103191137566,234.29278219837047,8.339265973044833,423.0576378968255,1.1450223816477005
mixed,long_cp,100.0,1.2411309027777777,83.47749866733999,5.536094143064139,1414.8892291666668,0.2737830640139716
mixed,wide,100.0,0.371103191137566,236.73121225803698,8.322942353173243,423.0576378968255,1.4250556808840635
