makespan,energy,iteration,global_step,checkpoint
0.537458664021164,7.170045817392282,370,947200,hetero_cvar_pf_it00370_st000947200.pt
