agent_train_domain,eval_domain,seeds,mean_makespan,mean_energy_total,mean_energy_active,mean_energy_idle,mean_entropy
long_cp,long_cp,100.0,2.151656386351981,472765726.66187215,9.919741029678258,7638.380171549536,2.159215177443704
long_cp,wide,100.0,0.8624649603205127,830091156.0890341,15.096296895933877,3061.75060913782,2.6887064987764755
wide,long_cp,100.0,0.9431835624999998,652077276.0,10.733767421875003,3348.3016468750006,1.6583830995833468
wide,wide,100.0,0.2754601750000001,1135787352.4375,16.176335468750004,977.88362125,1.97693885897559
