{
  "selected_eval_seeds": [
    100099,
    100095,
    100008,
    100094,
    100080,
    100017,
    100023,
    100082,
    100006,
    100063
  ],
  "coverage": {
    "radius": 2.3357842892729486,
    "avg_min_dist": 1.1586338153131603,
    "cluster_sizes": [
      38,
      3,
      4,
      4,
      2,
      6,
      9,
      6,
      14,
      14
    ]
  },
  "train_seeds": [
    100001,
    100002,
    100003,
    100004,
    100005,
    100006,
    100007,
    100008,
    100009,
    100010,
    100011,
    100012,
    100013,
    100014,
    100015,
    100016,
    100017,
    100018,
    100019,
    100020,
    100021,
    100022,
    100023,
    100024,
    100025,
    100026,
    100027,
    100028,
    100029,
    100030,
    100031,
    100032,
    100033,
    100034,
    100035,
    100036,
    100037,
    100038,
    100039,
    100040,
    100041,
    100042,
    100043,
    100044,
    100045,
    100046,
    100047,
    100048,
    100049,
    100050,
    100051,
    100052,
    100053,
    100054,
    100055,
    100056,
    100057,
    100058,
    100059,
    100060,
    100061,
    100062,
    100063,
    100064,
    100065,
    100066,
    100067,
    100068,
    100069,
    100070,
    100071,
    100072,
    100073,
    100074,
    100075,
    100076,
    100077,
    100078,
    100079,
    100080,
    100081,
    100082,
    100083,
    100084,
    100085,
    100086,
    100087,
    100088,
    100089,
    100090,
    100091,
    100092,
    100093,
    100094,
    100095,
    100096,
    100097,
    100098,
    100099,
    100100
  ],
  "feature_means": [
    29.81,
    335.36,
    2.17,
    25.09,
    1.1669602106486503,
    1.8174296885787362,
    0.8608646484711877
  ],
  "feature_stds": [
    5.7873914676648575,
    132.52279200197978,
    0.37563279941985916,
    5.155763764952773,
    0.08118317252828797,
    0.2728543544144574,
    0.05687999567213696
  ],
  "feature_names": [
    "tasks",
    "edges",
    "width_peak",
    "depth_avg",
    "Pbar",
    "burstiness",
    "cp_frac"
  ]
}