{
  "selected_eval_seeds": [
    100071,
    100018,
    100091,
    100073,
    100033,
    100081,
    100083,
    100010,
    100006,
    100020
  ],
  "coverage": {
    "radius": 2.655453114685723,
    "avg_min_dist": 1.105358056360832,
    "cluster_sizes": [
      32,
      4,
      4,
      3,
      6,
      8,
      15,
      8,
      10,
      10
    ]
  },
  "train_seeds": [
    100001,
    100002,
    100003,
    100004,
    100005,
    100006,
    100007,
    100008,
    100009,
    100010,
    100011,
    100012,
    100013,
    100014,
    100015,
    100016,
    100017,
    100018,
    100019,
    100020,
    100021,
    100022,
    100023,
    100024,
    100025,
    100026,
    100027,
    100028,
    100029,
    100030,
    100031,
    100032,
    100033,
    100034,
    100035,
    100036,
    100037,
    100038,
    100039,
    100040,
    100041,
    100042,
    100043,
    100044,
    100045,
    100046,
    100047,
    100048,
    100049,
    100050,
    100051,
    100052,
    100053,
    100054,
    100055,
    100056,
    100057,
    100058,
    100059,
    100060,
    100061,
    100062,
    100063,
    100064,
    100065,
    100066,
    100067,
    100068,
    100069,
    100070,
    100071,
    100072,
    100073,
    100074,
    100075,
    100076,
    100077,
    100078,
    100079,
    100080,
    100081,
    100082,
    100083,
    100084,
    100085,
    100086,
    100087,
    100088,
    100089,
    100090,
    100091,
    100092,
    100093,
    100094,
    100095,
    100096,
    100097,
    100098,
    100099,
    100100
  ],
  "feature_means": [
    18.06,
    109.15,
    2.17,
    14.48,
    1.2215781963330676,
    1.714975616851105,
    0.8266375292728941
  ],
  "feature_stds": [
    3.6819016825548196,
    46.02464013982075,
    0.47021271782035,
    3.3361055139188855,
    0.12323520484499942,
    0.30050853101607067,
    0.08031075743861123
  ],
  "feature_names": [
    "tasks",
    "edges",
    "width_peak",
    "depth_avg",
    "Pbar",
    "burstiness",
    "cp_frac"
  ]
}