makespan,energy,iteration,global_step,checkpoint
1.685119708994709,7.223460817687775,200,1024000,hetero_cvar_pf_it00200_st001024000.pt
