makespan,energy,iteration,global_step,checkpoint
3.0003324922438677,7.65138760046045,10,25600,hetero_mean_pf_it00010_st000025600.pt
