makespan,energy,iteration,global_step,checkpoint
4.154023668331669,12.11758975236204,10,25600,hetero_worst_pf_it00010_st000025600.pt
