makespan,energy,iteration,global_step,checkpoint
3.769624642690643,11.146572119301217,10,25600,hetero_cvar_pf_it00010_st000025600.pt
