Iteration,Makespan,Active_Energy,Total_Return
0,2.97283210989011,13.54161347652104,-3.199392841177011
0,2.97283210989011,13.54161347652104,0.0,0.0,-3.199392841177011
