metric,corr_PC1,corr_PC2
bottleneck_steps,0.174388461852273,0.05018313532141824
sum_ready_tasks,0.9686930249306666,0.01679556744497813
