{
  "selected_eval_seeds": [
    200087,
    200016,
    200045,
    200031,
    100018,
    100046,
    100075,
    100066,
    100008,
    200026
  ],
  "by_domain": {
    "wide": {
      "selected": [
        200087,
        200016,
        200045,
        200031,
        200026
      ],
      "coverage": {
        "radius": 2.1469457086613923,
        "avg_min_dist": 0.9855661696951438,
        "cluster_sizes": [
          1,
          27,
          17,
          31,
          24
        ]
      }
    },
    "longcp": {
      "selected": [
        100018,
        100046,
        100075,
        100066,
        100008
      ],
      "coverage": {
        "radius": 2.0702479375998,
        "avg_min_dist": 0.9190759440215518,
        "cluster_sizes": [
          19,
          13,
          22,
          14,
          32
        ]
      }
    }
  },
  "barycenter": {
    "mode": "fgw",
    "alpha": 0.5,
    "prototypes": [
      [
        0.4699760274609279,
        0.4257720872074585,
        -0.07641359431789435,
        0.11492468340810147,
        0.16796763654489494,
        -0.5606948088823636,
        -0.11537300853270926
      ],
      [
        -0.5064790198850782,
        -0.44538760342026884,
        -0.03362198149987394,
        -0.1462677788830386,
        -0.1767010157518143,
        0.29381628095348455,
        0.12794256483262334
      ],
      [
        -0.6798682338997892,
        -0.6040425139650536,
        -0.009169631318147409,
        -0.4596987336324073,
        0.08547201111728386,
        -0.06257513903826067,
        -0.08935649289881648
      ],
      [
        -0.02281437026509381,
        -0.12807778233069905,
        0.12531829468134653,
        -0.2507447637994947,
        0.31632540467724946,
        -0.5966474933786652,
        -0.17038819229519508
      ],
      [
        0.05019161458320526,
        0.0623081103230424,
        0.08252668186332596,
        0.0975118525886925,
        -0.18172066541271503,
        1.1538195122851067,
        0.02102143729517736
      ],
      [
        0.44259878314281564,
        0.4911571412501575,
        -0.06418741922703136,
        0.47188771520599354,
        -0.29064343740593757,
        0.4171049874376405,
        0.1350612250759995
      ],
      [
        0.11407185132546771,
        -0.00980775810640483,
        0.16810990749936827,
        -0.024377963147172887,
        0.18089502262176538,
        0.30852602474335505,
        -0.061495852490282166
      ],
      [
        0.7163712263239387,
        0.7738513454935922,
        -0.009169631318147242,
        0.5067133768448133,
        -0.016341414674306387,
        0.004927769258088688,
        0.05482162361109855
      ],
      [
        -0.6433652414756396,
        -0.5828885258924159,
        -0.13143138222677875,
        -0.3639281641256559,
        -0.01404779490305802,
        -0.8062320722970948,
        0.07068984444883453
      ],
      [
        0.05931736268924337,
        0.01711549944058849,
        -0.051961244136168316,
        0.05397977554016892,
        -0.07120574681336328,
        -0.15204506108129212,
        0.027076850953268616
      ]
    ]
  },
  "feature_names": [
    "tasks",
    "edges",
    "width_peak",
    "depth_avg",
    "Pbar",
    "burstiness",
    "cp_frac"
  ],
  "notes": "Global z-score; fgw barycenter with K=10; balanced picks enforced"
}