makespan,energy,iteration,global_step,checkpoint
1.6916815476190477,7.081531974969476,410,1049600,hetero_worst_pf_it00410_st001049600.pt
