makespan,energy,iteration,global_step,checkpoint
1.5203334435626104,6.651941549641201,150,384000,hetero_cvar_pf_it00150_st000384000.pt
